int_col,int_col_map
-0.8780593276023865,0
-0.8529695868492126,1
-0.827879786491394,2
-0.8027900457382202,3
-0.7777002453804016,4
-0.752610445022583,5
-0.7275207042694092,6
-0.7024309039115906,7
-0.677341103553772,8
-0.6522513628005981,9
-0.6271615624427795,10
-0.6020718216896057,11
-0.5769820213317871,12
-0.5518922209739685,13
-0.5268024802207947,14
-0.5017126798629761,15
-0.4766229093074798,16
-0.4515331387519836,17
-0.426443338394165,18
-0.4013535678386688,19
-0.3762637972831726,20
-0.351173996925354,21
-0.3260842263698578,22
-0.3009944558143616,23
-0.2759046852588653,24
-0.2508148849010467,25
-0.2257251143455505,26
-0.2006353437900543,27
-0.1755455583333969,28
-0.1504557877779007,29
-0.1253660023212433,30
-0.100276231765747,31
-0.0751864537596702,32
-0.0500966720283031,33
-0.0250068940222263,34
8.288478420581669e-05,35
0.0251726638525724,36
0.0502624399960041,37
0.0753522217273712,38
0.100441999733448,39
0.1255317777395248,40
0.150621548295021,41
0.1757113337516784,42
0.2008011043071746,43
0.2258908897638321,44
0.2509806752204895,45
0.2760704457759857,46
0.3011602163314819,47
0.3262500166893005,48
0.3513397872447967,49
0.3764295578002929,50
0.4015193283557892,51
0.4266091287136078,52
0.451698899269104,53
0.4767886698246002,54
0.5018784403800964,55
0.526968240737915,56
0.5520579814910889,57
0.5771477818489075,58
0.6022375822067261,59
0.6273273229598999,60
0.6524171233177185,61
0.6775069236755371,62
0.7025966644287109,63
0.7276864647865295,64
0.7527762055397034,65
0.777866005897522,66
0.8029558062553406,67
0.8280455470085144,68
0.853135347366333,69
0.8782251477241516,70
0.9033148884773254,71
0.928404688835144,72
0.9534944891929626,73
0.9785842299461364,74
1.003674030303955,75
1.028763771057129,76
1.0538536310195925,77
1.078943371772766,78
1.10403311252594,79
1.1291228532791138,80
1.1542127132415771,81
1.179302453994751,82
1.2043921947479248,83
1.2294820547103882,84
1.254571795463562,85
1.2796615362167358,86
1.3047513961791992,87
1.329841136932373,88
1.3549308776855469,89
1.3800207376480105,90
1.405110478401184,91
1.430200219154358,92
1.4552900791168213,93
1.4803798198699951,94
1.505469560623169,95
1.5305593013763428,96
1.5556491613388062,97
1.58073890209198,98
1.6058286428451538,99
1.6309185028076172,100
1.656008243560791,101
1.6810979843139648,102
1.7061878442764282,103
1.731277585029602,104
1.756367325782776,105
1.7814571857452393,106
1.806546926498413,107
1.831636667251587,108
1.8567265272140503,109
1.881816267967224,110
1.906906008720398,111
1.931995868682861,112
1.9570856094360352,113
1.982175350189209,114
2.007265090942383,115
2.0323548316955566,116
2.0574448108673096,117
2.0825345516204834,118
2.107624292373657,119
2.132714033126831,120
2.157803773880005,121
2.1828935146331787,122
2.2079832553863525,123
2.233073234558105,124
2.2581629753112797,125
2.283252716064453,126
2.308342456817627,127
2.333432197570801,128
2.3585219383239746,129
2.3836119174957275,130
2.4087016582489014,131
2.433791399002075,132
2.458881139755249,133
2.483970880508423,134
2.5090606212615967,135
2.5341506004333496,136
2.5592403411865234,137
2.5843300819396973,138
2.609419822692871,139
2.634509563446045,140
2.6595993041992188,141
2.6846890449523926,142
2.709779024124145,143
2.73486876487732,144
2.759958505630493,145
2.785048246383667,146
2.810137987136841,147
2.835227727890014,148
2.860317707061768,149
2.8854074478149414,150
2.9104971885681152,151
2.935586929321289,152
2.960676670074463,153
2.9857664108276367,154
3.0108563899993896,155
