model,model_map
-1.6620213985443115,0
-1.6601049900054932,1
-1.6581885814666748,2
-1.656272053718567,3
-1.6543556451797483,4
-1.6524392366409302,5
-1.6505228281021118,6
-1.6486064195632937,7
-1.646690011024475,8
-1.6447736024856567,9
-1.6428570747375488,10
-1.6409406661987305,11
-1.639024257659912,12
-1.6371078491210938,13
-1.6351914405822754,14
-1.633275032043457,15
-1.631358623504639,16
-1.6294420957565308,17
-1.6275256872177124,18
-1.625609278678894,19
-1.6236928701400757,20
-1.621776461601257,21
-1.619860053062439,22
-1.6179436445236206,23
-1.6160271167755127,24
-1.6141107082366943,25
-1.612194299697876,26
-1.6102778911590576,27
-1.6083614826202393,28
-1.606445074081421,29
-1.6045286655426023,30
-1.6026121377944946,31
-1.6006957292556765,32
-1.598779320716858,33
-1.5968629121780396,34
-1.5949465036392212,35
-1.5930300951004028,36
-1.5911136865615845,37
-1.5891971588134766,38
-1.5872807502746582,39
-1.5853643417358398,40
-1.5834479331970217,41
-1.5815315246582031,42
-1.5796151161193848,43
-1.5776985883712769,44
-1.5757821798324585,45
-1.57386577129364,46
-1.5719493627548218,47
-1.5700329542160034,48
-1.568116545677185,49
-1.5662001371383667,50
-1.5642836093902588,51
-1.5623672008514404,52
-1.560450792312622,53
-1.5585343837738037,54
-1.5566179752349854,55
-1.554701566696167,56
-1.5527851581573486,57
-1.5508686304092407,58
-1.5489522218704224,59
-1.547035813331604,60
-1.5451194047927856,61
-1.5432029962539673,62
-1.541286587715149,63
-1.5393701791763306,64
-1.5374536514282229,65
-1.5355372428894043,66
-1.533620834350586,67
-1.5317044258117676,68
-1.5297880172729492,69
-1.5278716087341309,70
-1.5259552001953125,71
-1.5240386724472046,72
-1.5221222639083862,73
-1.520205855369568,74
-1.5182894468307495,75
-1.5163730382919312,76
-1.5144566297531128,77
-1.5125402212142944,78
-1.5106236934661863,79
-1.5087072849273682,80
-1.5067908763885498,81
-1.5048744678497314,82
-1.502958059310913,83
-1.5010416507720947,84
-1.4991252422332764,85
-1.4972087144851685,86
-1.49529230594635,87
-1.4933758974075315,88
-1.4914594888687134,89
-1.489543080329895,90
-1.4876266717910769,91
-1.4857102632522583,92
-1.4837937355041504,93
-1.481877326965332,94
-1.4799609184265137,95
-1.478044509887695,96
-1.476128101348877,97
-1.4742116928100586,98
-1.472295165061951,99
-1.4703787565231323,100
-1.468462347984314,101
-1.4665459394454956,102
-1.4646295309066772,103
-1.4627131223678589,104
-1.4607967138290403,105
-1.4588801860809326,106
-1.4569637775421145,107
-1.455047369003296,108
-1.4531309604644775,109
-1.4512145519256592,110
-1.4492981433868408,111
-1.4473817348480225,112
-1.4454652070999146,113
-1.4435487985610962,114
-1.4416323900222778,115
-1.4397159814834597,116
-1.4377995729446411,117
-1.4358831644058228,118
-1.4339667558670044,119
-1.4320502281188965,120
-1.430133819580078,121
-1.4282174110412598,122
-1.4263010025024414,123
-1.424384593963623,124
-1.422468185424805,125
-1.4205517768859863,126
-1.4186352491378784,127
-1.41671884059906,128
-1.4148024320602417,129
-1.4128860235214231,130
-1.410969614982605,131
-1.4090532064437866,132
-1.4071367979049685,133
-1.4052202701568604,134
-1.403303861618042,135
-1.4013874530792236,136
-1.3994710445404053,137
-1.397554636001587,138
-1.3956382274627686,139
-1.3937218189239502,140
-1.3918052911758425,141
-1.389888882637024,142
-1.3879724740982056,143
-1.3860560655593872,144
-1.3841396570205688,145
-1.3822232484817505,146
-1.380306839942932,147
-1.3783903121948242,148
-1.376473903656006,149
-1.3745574951171875,150
-1.3726410865783691,151
-1.3707246780395508,152
-1.3688082695007324,153
-1.366891860961914,154
-1.3649753332138062,155
-1.3630589246749878,156
-1.3611425161361694,157
-1.359226107597351,158
-1.3573096990585327,159
-1.3553932905197144,160
-1.3534767627716064,161
-1.351560354232788,162
-1.3496439456939695,163
-1.3477275371551514,164
-1.345811128616333,165
-1.3438947200775146,166
-1.3419783115386963,167
-1.3400617837905884,168
-1.33814537525177,169
-1.3362289667129517,170
-1.3343125581741333,171
-1.332396149635315,172
-1.3304797410964966,173
-1.3285633325576782,174
-1.3266468048095703,175
-1.324730396270752,176
-1.3228139877319336,177
-1.3208975791931152,178
-1.3189811706542969,179
-1.3170647621154783,180
-1.3151483535766602,181
-1.3132318258285522,182
-1.311315417289734,183
-1.3093990087509155,184
-1.3074826002120972,185
-1.3055661916732788,186
-1.3036497831344604,187
-1.301733374595642,188
-1.2998168468475342,189
-1.2979004383087158,190
-1.2959840297698977,191
-1.294067621231079,192
-1.2921512126922607,193
-1.2902348041534424,194
-1.288318395614624,195
-1.286401867866516,196
-1.2844854593276978,197
-1.2825690507888794,198
-1.280652642250061,199
-1.278736233711243,200
-1.2768198251724243,201
-1.274903416633606,202
-1.272986888885498,203
-1.2710704803466797,204
-1.269154071807861,205
-1.267237663269043,206
-1.2653212547302246,207
-1.2634048461914062,208
-1.261488437652588,209
-1.25957190990448,210
-1.2576555013656616,211
-1.2557390928268433,212
-1.253822684288025,213
-1.2519062757492063,214
-1.2499898672103882,215
-1.2480733394622805,216
-1.246156930923462,217
-1.2442405223846436,218
-1.2423241138458252,219
-1.2404077053070068,220
-1.2384912967681885,221
-1.23657488822937,222
-1.2346583604812622,223
-1.2327419519424438,224
-1.2308255434036257,225
-1.2289091348648071,226
-1.2269927263259888,227
-1.2250763177871704,228
-1.223159909248352,229
-1.221243381500244,230
-1.2193269729614258,231
-1.2174105644226074,232
-1.215494155883789,233
-1.2135777473449707,234
-1.2116613388061523,235
-1.209744930267334,236
-1.207828402519226,237
-1.2059119939804075,238
-1.2039955854415894,239
-1.202079176902771,240
-1.2001627683639526,241
-1.1982463598251345,242
-1.196329951286316,243
-1.194413423538208,244
-1.1924970149993896,245
-1.1905806064605713,246
-1.188664197921753,247
-1.1867477893829346,248
-1.1848313808441162,249
-1.182914972305298,250
-1.18099844455719,251
-1.1790820360183716,252
-1.1771656274795532,253
-1.1752492189407349,254
-1.1733328104019165,255
-1.171416401863098,256
-1.1694999933242798,257
-1.167583465576172,258
-1.1656670570373535,259
-1.1637506484985352,260
-1.1618342399597168,261
-1.1599178314208984,262
-1.15800142288208,263
-1.1560850143432615,264
-1.1541684865951538,265
-1.1522520780563354,266
-1.150335669517517,267
-1.1484192609786987,268
-1.1465028524398804,269
-1.144586443901062,270
-1.142669916152954,271
-1.1407535076141355,272
-1.1388370990753174,273
-1.136920690536499,274
-1.1350042819976809,275
-1.1330878734588623,276
-1.131171464920044,277
-1.129254937171936,278
-1.1273385286331177,279
-1.125422120094299,280
-1.123505711555481,281
-1.1215893030166626,282
-1.1196728944778442,283
-1.117756485939026,284
-1.115839958190918,285
-1.1139235496520996,286
-1.1120071411132812,287
-1.110090732574463,288
-1.1081743240356443,289
-1.1062579154968262,290
-1.1043415069580078,291
-1.1024249792099,292
-1.1005085706710815,293
-1.0985921621322632,294
-1.0966757535934448,295
-1.0947593450546265,296
-1.092842936515808,297
-1.0909265279769895,298
-1.0890100002288818,299
-1.0870935916900637,300
-1.0851771831512451,301
-1.0832607746124268,302
-1.0813443660736084,303
-1.07942795753479,304
-1.0775115489959717,305
-1.0755950212478638,306
-1.0736786127090454,307
-1.071762204170227,308
-1.0698457956314087,309
-1.0679293870925903,310
-1.066012978553772,311
-1.0640965700149536,312
-1.0621800422668457,313
-1.0602636337280271,314
-1.058347225189209,315
-1.0564308166503906,316
-1.0545144081115725,317
-1.052597999572754,318
-1.0506815910339355,319
-1.0487650632858276,320
-1.0468486547470093,321
-1.044932246208191,322
-1.0430158376693726,323
-1.0410994291305542,324
-1.0391830205917358,325
-1.0372666120529177,326
-1.0353500843048096,327
-1.0334336757659912,328
-1.0315172672271729,329
-1.0296008586883545,330
-1.027684450149536,331
-1.0257680416107178,332
-1.02385151386261,333
-1.0219351053237915,334
-1.0200186967849731,335
-1.0181022882461548,336
-1.0161858797073364,337
-1.014269471168518,338
-1.0123530626296997,339
-1.0104365348815918,340
-1.0085201263427734,341
-1.006603717803955,342
-1.0046873092651367,343
-1.0027709007263184,344
-1.0008544921875,345
-0.9989380240440368,346
-0.9970216155052184,347
-0.9951052069664,348
-0.993188738822937,349
-0.9912723302841188,350
-0.9893559217453004,351
-0.9874394536018372,352
-0.9855230450630188,353
-0.9836066365242004,354
-0.981690227985382,355
-0.979773759841919,356
-0.9778573513031006,357
-0.9759409427642822,358
-0.9740244746208192,359
-0.9721080660820008,360
-0.9701916575431824,361
-0.968275249004364,362
-0.9663587808609008,363
-0.9644423723220824,364
-0.9625259637832642,365
-0.960609495639801,366
-0.9586930871009828,367
-0.9567766785621644,368
-0.954860270023346,369
-0.9529438018798828,370
-0.9510273933410645,371
-0.949110984802246,372
-0.947194516658783,373
-0.9452781081199646,374
-0.9433616995811462,375
-0.9414452314376832,376
-0.9395288228988647,377
-0.9376124143600464,378
-0.935696005821228,379
-0.9337795376777648,380
-0.9318631291389464,381
-0.9299467206001282,382
-0.928030252456665,383
-0.9261138439178468,384
-0.9241974353790284,385
-0.92228102684021,386
-0.9203645586967468,387
-0.9184481501579284,388
-0.91653174161911,389
-0.914615273475647,390
-0.9126988649368286,391
-0.9107824563980104,392
-0.908866047859192,393
-0.9069495797157288,394
-0.9050331711769104,395
-0.903116762638092,396
-0.9012002944946288,397
-0.8992838859558105,398
-0.8973674774169922,399
-0.895451009273529,400
-0.8935346007347107,401
-0.8916181921958923,402
-0.889701783657074,403
-0.8877853155136108,404
-0.8858689069747925,405
-0.8839524984359741,406
-0.882036030292511,407
-0.8801196217536926,408
-0.8782032132148743,409
-0.8762868046760559,410
-0.8743703365325928,411
-0.8724539279937744,412
-0.870537519454956,413
-0.8686210513114929,414
-0.8667046427726746,415
-0.8647882342338562,416
-0.8628718256950378,417
-0.8609553575515747,418
-0.8590389490127563,419
-0.857122540473938,420
-0.8552060723304749,421
-0.8532896637916565,422
-0.8513732552528381,423
-0.8494568467140198,424
-0.8475403785705566,425
-0.8456239700317383,426
-0.8437075614929199,427
-0.8417910933494568,428
-0.8398746848106384,429
-0.8379582762718201,430
-0.8360418081283569,431
-0.8341253995895386,432
-0.8322089910507202,433
-0.8302925825119019,434
-0.8283761143684387,435
-0.8264597058296204,436
-0.824543297290802,437
-0.8226268291473389,438
-0.8207104206085205,439
-0.8187940120697021,440
-0.8168776035308838,441
-0.8149611353874207,442
-0.8130447268486023,443
-0.8111283183097839,444
-0.8092118501663208,445
-0.8072954416275024,446
-0.8053790330886841,447
-0.8034626245498657,448
-0.8015461564064026,449
-0.7996297478675842,450
-0.7977133393287659,451
-0.7957968711853027,452
-0.7938804626464844,453
-0.791964054107666,454
-0.7900476455688477,455
-0.7881311774253845,456
-0.7862147688865662,457
-0.7842983603477478,458
-0.7823818922042847,459
-0.7804654836654663,460
-0.778549075126648,461
-0.7766326069831848,462
-0.7747161984443665,463
-0.7727997899055481,464
-0.7708833813667297,465
-0.7689669132232666,466
-0.7670505046844482,467
-0.7651340961456299,468
-0.7632176280021667,469
-0.7613012194633484,470
-0.75938481092453,471
-0.7574684023857117,472
-0.7555519342422485,473
-0.7536355257034302,474
-0.7517191171646118,475
-0.7498026490211487,476
-0.7478862404823303,477
-0.745969831943512,478
-0.7440534234046936,479
-0.7421369552612305,480
-0.7402205467224121,481
-0.7383041381835938,482
-0.7363876700401306,483
-0.7344712615013123,484
-0.7325548529624939,485
-0.7306383848190308,486
-0.7287219762802124,487
-0.726805567741394,488
-0.7248891592025757,489
-0.7229726910591125,490
-0.7210562825202942,491
-0.7191398739814758,492
-0.7172234058380127,493
-0.7153069972991943,494
-0.713390588760376,495
-0.7114741802215576,496
-0.7095577120780945,497
-0.7076413035392761,498
-0.7057248950004578,499
-0.7038084268569946,500
-0.7018920183181763,501
-0.6999756097793579,502
-0.6980592012405396,503
-0.6961427330970764,504
-0.6942263245582581,505
-0.6923099160194397,506
-0.6903934478759766,507
-0.6884770393371582,508
-0.6865606307983398,509
-0.6846442222595215,510
-0.6827277541160583,511
-0.68081134557724,512
-0.6788949370384216,513
-0.6769784688949585,514
-0.6750620603561401,515
-0.6731456518173218,516
-0.6712291836738586,517
-0.6693127751350403,518
-0.6673963665962219,519
-0.6654799580574036,520
-0.6635634899139404,521
-0.6616470813751221,522
-0.6597306728363037,523
-0.6578142046928406,524
-0.6558977961540222,525
-0.6539813876152039,526
-0.6520649790763855,527
-0.6501485109329224,528
-0.648232102394104,529
-0.6463156938552856,530
-0.6443992257118225,531
-0.6424828171730042,532
-0.6405664086341858,533
-0.6386500000953674,534
-0.6367335319519043,535
-0.6348171234130859,536
-0.6329007148742676,537
-0.6309842467308044,538
-0.6290678381919861,539
-0.6271514296531677,540
-0.6252350211143494,541
-0.6233185529708862,542
-0.6214021444320679,543
-0.6194857358932495,544
-0.6175692677497864,545
-0.615652859210968,546
-0.6137364506721497,547
-0.6118199825286865,548
-0.6099035739898682,549
-0.6079871654510498,550
-0.6060707569122314,551
-0.6041542887687683,552
-0.60223788022995,553
-0.6003214716911316,554
-0.5984050035476685,555
-0.5964885950088501,556
-0.5945721864700317,557
-0.5926557779312134,558
-0.5907393097877502,559
-0.5888229012489319,560
-0.5869064927101135,561
-0.5849900245666504,562
-0.583073616027832,563
-0.5811572074890137,564
-0.5792407989501953,565
-0.5773243308067322,566
-0.5754079222679138,567
-0.5734915137290955,568
-0.5715750455856323,569
-0.569658637046814,570
-0.5677422285079956,571
-0.5658257603645325,572
-0.5639093518257141,573
-0.5619929432868958,574
-0.5600765347480774,575
-0.5581600666046143,576
-0.5562436580657959,577
-0.5543272495269775,578
-0.5524107813835144,579
-0.550494372844696,580
-0.5485779643058777,581
-0.5466615557670593,582
-0.5447450876235962,583
-0.5428286790847778,584
-0.5409122705459595,585
-0.5389958024024963,586
-0.537079393863678,587
-0.5351629853248596,588
-0.5332465767860413,589
-0.5313301086425781,590
-0.5294137001037598,591
-0.5274972915649414,592
-0.5255808234214783,593
-0.5236644148826599,594
-0.5217480063438416,595
-0.5198315978050232,596
-0.5179151296615601,597
-0.5159987211227417,598
-0.5140823125839233,599
-0.5121658444404602,600
-0.5102494359016418,601
-0.5083330273628235,602
-0.5064165592193604,603
-0.504500150680542,604
-0.5025837421417236,605
-0.5006673336029053,606
-0.4987508952617645,607
-0.4968344569206238,608
-0.494918018579483,609
-0.4930016100406647,610
-0.4910851716995239,611
-0.4891687631607055,612
-0.4872523248195648,613
-0.4853359162807464,614
-0.4834194779396057,615
-0.4815030395984649,616
-0.4795866310596466,617
-0.4776701927185058,618
-0.4757537841796875,619
-0.4738373458385467,620
-0.471920907497406,621
-0.4700044989585876,622
-0.4680880606174469,623
-0.4661716520786285,624
-0.4642552137374878,625
-0.4623388051986694,626
-0.4604223668575287,627
-0.4585059285163879,628
-0.4565895199775696,629
-0.4546730816364288,630
-0.4527566730976105,631
-0.4508402347564697,632
-0.4489238262176513,633
-0.4470073878765106,634
-0.4450909495353699,635
-0.4431745409965515,636
-0.4412581026554107,637
-0.4393416941165924,638
-0.4374252557754516,639
-0.4355088174343109,640
-0.4335924088954925,641
-0.4316759705543518,642
-0.4297595620155334,643
-0.4278431236743927,644
-0.4259267151355743,645
-0.4240102767944336,646
-0.4220938384532928,647
-0.4201774299144745,648
-0.4182609915733337,649
-0.4163445830345154,650
-0.4144281446933746,651
-0.4125117063522339,652
-0.4105952978134155,653
-0.4086788594722748,654
-0.4067624509334564,655
-0.4048460125923157,656
-0.4029296040534973,657
-0.4010131657123565,658
-0.3990967273712158,659
-0.3971803188323974,660
-0.3952638804912567,661
-0.3933474719524383,662
-0.3914310336112976,663
-0.3895145952701568,664
-0.3875981867313385,665
-0.3856817483901977,666
-0.3837653398513794,667
-0.3818489015102386,668
-0.3799324929714203,669
-0.3780160546302795,670
-0.3760996162891388,671
-0.3741832077503204,672
-0.3722667694091797,673
-0.3703503608703613,674
-0.3684339225292206,675
-0.3665175139904022,676
-0.3646010756492615,677
-0.3626846373081207,678
-0.3607682287693023,679
-0.3588517904281616,680
-0.3569353818893432,681
-0.3550189435482025,682
-0.3531025052070617,683
-0.3511860966682434,684
-0.3492696583271026,685
-0.3473532497882843,686
-0.3454368114471435,687
-0.3435204029083252,688
-0.3416039645671844,689
-0.3396875262260437,690
-0.3377711176872253,691
-0.3358546793460846,692
-0.3339382708072662,693
-0.3320218324661255,694
-0.3301053941249847,695
-0.3281889855861664,696
-0.3262725472450256,697
-0.3243561387062073,698
-0.3224397003650665,699
-0.3205232918262481,700
-0.3186068534851074,701
-0.3166904151439667,702
-0.3147740066051483,703
-0.3128575682640075,704
-0.3109411597251892,705
-0.3090247213840484,706
-0.3071082830429077,707
-0.3051918745040893,708
-0.3032754361629486,709
-0.3013590276241302,710
-0.2994425892829895,711
-0.2975261807441711,712
-0.2956097424030304,713
-0.2936933040618896,714
-0.2917768955230713,715
-0.2898604571819305,716
-0.2879440486431122,717
-0.2860276103019714,718
-0.2841112017631531,719
-0.2821947634220123,720
-0.2802783250808716,721
-0.2783619165420532,722
-0.2764454782009125,723
-0.2745290696620941,724
-0.2726126313209533,725
-0.2706961929798126,726
-0.2687797844409942,727
-0.2668633460998535,728
-0.2649469375610351,729
-0.2630304992198944,730
-0.261114090681076,731
-0.2591976523399353,732
-0.2572812139987945,733
-0.2553648054599762,734
-0.2534483671188354,735
-0.2515319585800171,736
-0.2496155202388763,737
-0.2476990967988968,738
-0.2457826733589172,739
-0.2438662499189376,740
-0.2419498115777969,741
-0.2400333881378173,742
-0.2381169646978378,743
-0.2362005412578582,744
-0.2342841178178787,745
-0.2323676943778991,746
-0.2304512560367584,747
-0.2285348325967788,748
-0.2266184091567993,749
-0.2247019857168197,750
-0.2227855622768402,751
-0.2208691388368606,752
-0.2189527004957199,753
-0.2170362770557403,754
-0.2151198536157608,755
-0.2132034301757812,756
-0.2112870067358017,757
-0.2093705832958221,758
-0.2074541598558426,759
-0.2055377215147018,760
-0.2036212980747223,761
-0.2017048746347427,762
-0.1997884511947631,763
-0.1978720277547836,764
-0.195955604314804,765
-0.1940391659736633,766
-0.1921227425336837,767
-0.1902063190937042,768
-0.1882898956537246,769
-0.1863734722137451,770
-0.1844570487737655,771
-0.1825406104326248,772
-0.1806241869926452,773
-0.1787077635526657,774
-0.1767913401126861,775
-0.1748749166727066,776
-0.172958493232727,777
-0.1710420548915863,778
-0.1691256314516067,779
-0.1672092080116272,780
-0.1652927845716476,781
-0.1633763611316681,782
-0.1614599376916885,783
-0.1595434993505478,784
-0.1576270759105682,785
-0.1557106524705886,786
-0.1537942290306091,787
-0.1518778055906295,788
-0.14996138215065,789
-0.1480449438095092,790
-0.1461285203695297,791
-0.1442120969295501,792
-0.1422956734895706,793
-0.140379250049591,794
-0.1384628266096115,795
-0.1365463882684707,796
-0.1346299648284912,797
-0.1327135413885116,798
-0.1307971179485321,799
-0.1288806945085525,800
-0.126964271068573,801
-0.1250478476285934,802
-0.1231314167380333,803
-0.1212149858474731,804
-0.1192985624074935,805
-0.117382138967514,806
-0.1154657080769538,807
-0.1135492846369743,808
-0.1116328611969947,809
-0.1097164303064346,810
-0.107800006866455,811
-0.1058835834264755,812
-0.1039671525359153,813
-0.1020507290959358,814
-0.1001343056559562,815
-0.0982178747653961,816
-0.0963014513254165,817
-0.094385027885437,818
-0.0924686044454574,819
-0.0905521735548973,820
-0.0886357501149177,821
-0.0867193266749382,822
-0.084802895784378,823
-0.0828864723443985,824
-0.0809700489044189,825
-0.0790536180138588,826
-0.0771371945738792,827
-0.0752207711338996,828
-0.0733043402433395,829
-0.0713879168033599,830
-0.0694714933633804,831
-0.0675550624728202,832
-0.0656386390328407,833
-0.0637222155928611,834
-0.0618057884275913,835
-0.0598893612623214,836
-0.0579729340970516,837
-0.056056510657072,838
-0.0541400834918022,839
-0.0522236563265323,840
-0.0503072328865528,841
-0.0483908057212829,842
-0.0464743785560131,843
-0.0445579551160335,844
-0.0426415279507637,845
-0.0407251007854938,846
-0.0388086773455143,847
-0.0368922501802444,848
-0.0349758230149745,849
-0.033059399574995,850
-0.0311429724097251,851
-0.0292265471071004,852
-0.0273101218044757,853
-0.0253936946392059,854
-0.0234772693365812,855
-0.0215608440339565,856
-0.0196444187313318,857
-0.0177279915660619,858
-0.0158115662634372,859
-0.0138951400294899,860
-0.0119787147268652,861
-0.010062288492918,862
-0.0081458622589707,863
-0.006229436956346,864
-0.0043130107223987,865
-0.0023965849541127,866
-0.0004801591858267,867
0.0014362666988745,868
0.0033526925835758,869
0.0052691185846924,870
0.0071855443529784,871
0.0091019701212644,872
0.0110183963552117,873
0.0129348216578364,874
0.0148512478917837,875
0.0167676731944084,876
0.0186841003596782,877
0.0206005256623029,878
0.0225169509649276,879
0.0244333762675523,880
0.0263498034328222,881
0.0282662287354469,882
0.0301826540380716,883
0.0320990793406963,884
0.0340155065059661,885
0.035931933671236,886
0.0378483571112155,887
0.0397647842764854,888
0.0416812114417552,889
0.0435976348817348,890
0.0455140620470047,891
0.0474304892122745,892
0.0493469126522541,893
0.0512633398175239,894
0.0531797632575035,895
0.0550961904227733,896
0.0570126175880432,897
0.0589290410280227,898
0.0608454681932926,899
0.0627618953585624,900
0.064678318798542,901
0.0665947496891021,902
0.0685111731290817,903
0.0704275965690612,904
0.0723440200090408,905
0.0742604508996009,906
0.0761768743395805,907
0.07809329777956,908
0.0800097286701202,909
0.0819261521100997,910
0.0838425755500793,911
0.0857590064406395,912
0.087675429880619,913
0.0895918533205986,914
0.0915082842111587,915
0.0934247076511383,916
0.0953411310911178,917
0.097257561981678,918
0.0991739854216575,919
0.1010904088616371,920
0.1030068397521972,921
0.1049232631921768,922
0.1068396866321563,923
0.1087561175227165,924
0.110672540962696,925
0.1125889644026756,926
0.1145053952932357,927
0.1164218187332153,928
0.1183382421731948,929
0.120254673063755,930
0.1221710965037345,931
0.1240875199437141,932
0.1260039508342743,933
0.1279203742742538,934
0.1298367977142334,935
0.1317532211542129,936
0.1336696445941925,937
0.1355860829353332,938
0.1375025063753128,939
0.1394189298152923,940
0.1413353532552719,941
0.1432517766952514,942
0.145168200135231,943
0.1470846384763717,944
0.1490010619163513,945
0.1509174853563308,946
0.1528339087963104,947
0.1547503322362899,948
0.1566667556762695,949
0.1585831940174102,950
0.1604996174573898,951
0.1624160408973693,952
0.1643324643373489,953
0.1662488877773285,954
0.168165311217308,955
0.1700817495584488,956
0.1719981729984283,957
0.1739145964384079,958
0.1758310198783874,959
0.177747443318367,960
0.1796638667583465,961
0.1815803050994873,962
0.1834967285394668,963
0.1854131519794464,964
0.1873295754194259,965
0.1892459988594055,966
0.191162422299385,967
0.1930788606405258,968
0.1949952840805053,969
0.1969117075204849,970
0.1988281309604644,971
0.200744554400444,972
0.2026609778404235,973
0.2045774012804031,974
0.2064938396215438,975
0.2084102630615234,976
0.210326686501503,977
0.2122431099414825,978
0.2141595333814621,979
0.2160759568214416,980
0.2179923951625824,981
0.2199088186025619,982
0.2218252420425415,983
0.223741665482521,984
0.2256580889225006,985
0.2275745123624801,986
0.2294909507036209,987
0.2314073741436004,988
0.23332379758358,989
0.2352402210235595,990
0.2371566444635391,991
0.2390730679035186,992
0.2409895062446594,993
0.2429059296846389,994
0.2448223531246185,995
0.246738776564598,996
0.2486552000045776,997
0.2505716383457184,998
0.2524880468845367,999
0.2544044852256775,1000
0.2563208937644958,1001
0.2582373321056366,1002
0.2601537704467773,1003
0.2620701789855957,1004
0.2639866173267364,1005
0.2659030258655548,1006
0.2678194642066955,1007
0.2697359025478363,1008
0.2716523110866546,1009
0.2735687494277954,1010
0.2754851579666137,1011
0.2774015963077545,1012
0.2793180048465729,1013
0.2812344431877136,1014
0.2831508815288543,1015
0.2850672900676727,1016
0.2869837284088135,1017
0.2889001369476318,1018
0.2908165752887726,1019
0.2927329838275909,1020
0.2946494221687317,1021
0.2965658605098724,1022
0.2984822690486908,1023
0.3003987073898315,1024
0.3023151159286499,1025
0.3042315542697906,1026
0.3061479926109314,1027
0.3080644011497497,1028
0.3099808394908905,1029
0.3118972480297088,1030
0.3138136863708496,1031
0.3157300949096679,1032
0.3176465332508087,1033
0.3195629715919494,1034
0.3214793801307678,1035
0.3233958184719085,1036
0.3253122270107269,1037
0.3272286653518677,1038
0.3291451036930084,1039
0.3310615122318268,1040
0.3329779505729675,1041
0.3348943591117859,1042
0.3368107974529266,1043
0.338727205991745,1044
0.3406436443328857,1045
0.3425600826740265,1046
0.3444764912128448,1047
0.3463929295539856,1048
0.3483093380928039,1049
0.3502257764339447,1050
0.3521422147750854,1051
0.3540586233139038,1052
0.3559750616550445,1053
0.3578914701938629,1054
0.3598079085350036,1055
0.361724317073822,1056
0.3636407554149627,1057
0.3655571937561035,1058
0.3674736022949219,1059
0.3693900406360626,1060
0.371306449174881,1061
0.3732228875160217,1062
0.3751392960548401,1063
0.3770557343959808,1064
0.3789721727371216,1065
0.3808885812759399,1066
0.3828050196170807,1067
0.384721428155899,1068
0.3866378664970398,1069
0.3885543048381805,1070
0.3904707133769989,1071
0.3923871517181396,1072
0.394303560256958,1073
0.3962199985980987,1074
0.3981364071369171,1075
0.4000528454780578,1076
0.4019692838191986,1077
0.4038856923580169,1078
0.4058021306991577,1079
0.4077185392379761,1080
0.4096349775791168,1081
0.4115514159202575,1082
0.4134678244590759,1083
0.4153842628002167,1084
0.417300671339035,1085
0.4192171096801758,1086
0.4211335182189941,1087
0.4230499565601349,1088
0.4249663949012756,1089
0.426882803440094,1090
0.4287992417812347,1091
0.4307156503200531,1092
0.4326320886611938,1093
0.4345485270023346,1094
0.4364649355411529,1095
0.4383813738822937,1096
0.440297782421112,1097
0.4422142207622528,1098
0.4441306293010711,1099
0.4460470676422119,1100
0.4479635059833526,1101
0.449879914522171,1102
0.4517963528633117,1103
0.4537127614021301,1104
0.4556291997432709,1105
0.4575456082820892,1106
0.45946204662323,1107
0.4613784849643707,1108
0.4632948935031891,1109
0.4652113318443298,1110
0.4671277403831482,1111
0.4690441787242889,1112
0.4709606170654297,1113
0.472877025604248,1114
0.4747934639453888,1115
0.4767098724842071,1116
0.4786263108253479,1117
0.4805427193641662,1118
0.482459157705307,1119
0.4843755960464477,1120
0.4862920045852661,1121
0.4882084429264068,1122
0.4901248514652252,1123
0.4920412898063659,1124
0.4939577281475067,1125
0.4958741366863251,1126
0.4977905750274658,1127
0.4997069835662842,1128
0.5016233921051025,1129
0.5035398602485657,1130
0.505456268787384,1131
0.5073726773262024,1132
0.5092891454696655,1133
0.5112055540084839,1134
0.5131219625473022,1135
0.5150383710861206,1136
0.5169548392295837,1137
0.5188712477684021,1138
0.5207876563072205,1139
0.5227041244506836,1140
0.524620532989502,1141
0.5265369415283203,1142
0.5284533500671387,1143
0.5303698182106018,1144
0.5322862267494202,1145
0.5342026352882385,1146
0.5361191034317017,1147
0.53803551197052,1148
0.5399519205093384,1149
0.5418683886528015,1150
0.5437847971916199,1151
0.5457012057304382,1152
0.5476176142692566,1153
0.5495340824127197,1154
0.5514504909515381,1155
0.5533668994903564,1156
0.5552833676338196,1157
0.5571997761726379,1158
0.5591161847114563,1159
0.5610325932502747,1160
0.5629490613937378,1161
0.5648654699325562,1162
0.5667818784713745,1163
0.5686983466148376,1164
0.570614755153656,1165
0.5725311636924744,1166
0.5744475722312927,1167
0.5763640403747559,1168
0.5782804489135742,1169
0.5801968574523926,1170
0.5821133255958557,1171
0.5840297341346741,1172
0.5859461426734924,1173
0.5878626108169556,1174
0.5897790193557739,1175
0.5916954278945923,1176
0.5936118364334106,1177
0.5955283045768738,1178
0.5974447131156921,1179
0.5993611216545105,1180
0.6012775897979736,1181
0.603193998336792,1182
0.6051104068756104,1183
0.6070268154144287,1184
0.6089432835578918,1185
0.6108596920967102,1186
0.6127761006355286,1187
0.6146925687789917,1188
0.6166089773178101,1189
0.6185253858566284,1190
0.6204417943954468,1191
0.6223582625389099,1192
0.6242746710777283,1193
0.6261910796165466,1194
0.6281075477600098,1195
0.6300239562988281,1196
0.6319403648376465,1197
0.6338567733764648,1198
0.635773241519928,1199
0.6376896500587463,1200
0.6396060585975647,1201
0.6415225267410278,1202
0.6434389352798462,1203
0.6453553438186646,1204
0.6472718119621277,1205
0.649188220500946,1206
0.6511046290397644,1207
0.6530210375785828,1208
0.6549375057220459,1209
0.6568539142608643,1210
0.6587703227996826,1211
0.6606867909431458,1212
0.6626031994819641,1213
0.6645196080207825,1214
0.6664360165596008,1215
0.668352484703064,1216
0.6702688932418823,1217
0.6721853017807007,1218
0.6741017699241638,1219
0.6760181784629822,1220
0.6779345870018005,1221
0.6798509955406189,1222
0.681767463684082,1223
0.6836838722229004,1224
0.6856002807617188,1225
0.6875167489051819,1226
0.6894331574440002,1227
0.6913495659828186,1228
0.693265974521637,1229
0.6951824426651001,1230
0.6970988512039185,1231
0.6990152597427368,1232
0.7009317278862,1233
0.7028481364250183,1234
0.7047645449638367,1235
0.7066810131072998,1236
0.7085974216461182,1237
0.7105138301849365,1238
0.7124302387237549,1239
0.714346706867218,1240
0.7162631154060364,1241
0.7181795239448547,1242
0.7200959920883179,1243
0.7220124006271362,1244
0.7239288091659546,1245
0.725845217704773,1246
0.7277616858482361,1247
0.7296780943870544,1248
0.7315945029258728,1249
0.7335109710693359,1250
0.7354273796081543,1251
0.7373437881469727,1252
0.739260196685791,1253
0.7411766648292542,1254
0.7430930733680725,1255
0.7450094819068909,1256
0.746925950050354,1257
0.7488423585891724,1258
0.7507587671279907,1259
0.7526752352714539,1260
0.7545916438102722,1261
0.7565080523490906,1262
0.7584244608879089,1263
0.7603409290313721,1264
0.7622573375701904,1265
0.7641737461090088,1266
0.7660902142524719,1267
0.7680066227912903,1268
0.7699230313301086,1269
0.771839439868927,1270
0.7737559080123901,1271
0.7756723165512085,1272
0.7775887250900269,1273
0.77950519323349,1274
0.7814216017723083,1275
0.7833380103111267,1276
0.7852544188499451,1277
0.7871708869934082,1278
0.7890872955322266,1279
0.7910037040710449,1280
0.7929201722145081,1281
0.7948365807533264,1282
0.7967529892921448,1283
0.7986693978309631,1284
0.8005858659744263,1285
0.8025022745132446,1286
0.804418683052063,1287
0.8063351511955261,1288
0.8082515597343445,1289
0.8101679682731628,1290
0.812084436416626,1291
0.8140008449554443,1292
0.8159172534942627,1293
0.817833662033081,1294
0.8197501301765442,1295
0.8216665387153625,1296
0.8235829472541809,1297
0.825499415397644,1298
0.8274158239364624,1299
0.8293322324752808,1300
0.8312486410140991,1301
0.8331651091575623,1302
0.8350815176963806,1303
0.836997926235199,1304
0.8389143943786621,1305
0.8408308029174805,1306
0.8427472114562988,1307
0.8446636199951172,1308
0.8465800881385803,1309
0.8484964966773987,1310
0.850412905216217,1311
0.8523293733596802,1312
0.8542457818984985,1313
0.8561621904373169,1314
0.8580785989761353,1315
0.8599950671195984,1316
0.8619114756584167,1317
0.8638278841972351,1318
0.8657443523406982,1319
0.8676607608795166,1320
0.869577169418335,1321
0.8714936375617981,1322
0.8734100461006165,1323
0.8753264546394348,1324
0.8772428631782532,1325
0.8791593313217163,1326
0.8810757398605347,1327
0.882992148399353,1328
0.8849086165428162,1329
0.8868250250816345,1330
0.8887414336204529,1331
0.8906578421592712,1332
0.8925743103027344,1333
0.8944907188415527,1334
0.8964071273803711,1335
0.8983235955238342,1336
0.9002400040626526,1337
0.902156412601471,1338
0.9040728211402892,1339
0.9059892892837524,1340
0.9079056978225708,1341
0.9098221063613892,1342
0.9117385745048524,1343
0.9136549830436708,1344
0.915571391582489,1345
0.917487859725952,1346
0.9194042682647704,1347
0.9213206768035888,1348
0.9232370853424072,1349
0.9251535534858704,1350
0.9270699620246888,1351
0.9289863705635072,1352
0.9309028387069702,1353
0.9328192472457886,1354
0.9347356557846068,1355
0.9366520643234252,1356
0.9385685324668884,1357
0.9404849410057068,1358
0.9424013495445251,1359
0.9443178176879884,1360
0.9462342262268066,1361
0.948150634765625,1362
0.9500670433044434,1363
0.9519835114479064,1364
0.9538999199867249,1365
0.9558163285255432,1366
0.9577327966690063,1367
0.9596492052078248,1368
0.9615656137466432,1369
0.9634820222854614,1370
0.9653984904289246,1371
0.9673148989677428,1372
0.9692313075065612,1373
0.9711477756500244,1374
0.9730641841888428,1375
0.9749805927276612,1376
0.9768970608711244,1377
0.9788134694099426,1378
0.980729877948761,1379
0.9826462864875792,1380
0.9845627546310424,1381
0.9864791631698608,1382
0.9883955717086792,1383
0.9903120398521424,1384
0.9922284483909608,1385
0.994144856929779,1386
0.9960612654685974,1387
0.9979777336120604,1388
0.9998941421508788,1389
1.0018105506896973,1390
1.0037269592285156,1391
1.005643367767334,1392
1.007559895515442,1393
1.0094763040542605,1394
1.0113927125930786,1395
1.013309121131897,1396
1.015225529670715,1397
1.0171419382095337,1398
1.019058346748352,1399
1.02097487449646,1400
1.0228912830352783,1401
1.024807691574097,1402
1.026724100112915,1403
1.0286405086517334,1404
1.0305569171905518,1405
1.03247332572937,1406
1.034389853477478,1407
1.0363062620162964,1408
1.0382226705551147,1409
1.040139079093933,1410
1.0420554876327517,1411
1.0439718961715698,1412
1.0458883047103882,1413
1.047804832458496,1414
1.0497212409973145,1415
1.0516376495361328,1416
1.0535540580749512,1417
1.0554704666137695,1418
1.057386875152588,1419
1.0593034029006958,1420
1.0612198114395142,1421
1.0631362199783323,1422
1.0650526285171509,1423
1.0669690370559692,1424
1.0688854455947876,1425
1.070801854133606,1426
1.072718381881714,1427
1.0746347904205322,1428
1.0765511989593506,1429
1.078467607498169,1430
1.0803840160369873,1431
1.0823004245758057,1432
1.084216833114624,1433
1.086133360862732,1434
1.0880497694015503,1435
1.0899661779403689,1436
1.091882586479187,1437
1.0937989950180054,1438
1.0957154035568235,1439
1.097631812095642,1440
1.09954833984375,1441
1.1014647483825684,1442
1.1033811569213867,1443
1.105297565460205,1444
1.1072139739990234,1445
1.1091303825378418,1446
1.1110467910766602,1447
1.112963318824768,1448
1.1148797273635864,1449
1.1167961359024048,1450
1.1187125444412231,1451
1.1206289529800415,1452
1.12254536151886,1453
1.1244617700576782,1454
1.126378297805786,1455
1.1282947063446045,1456
1.1302111148834229,1457
1.1321275234222412,1458
1.1340439319610596,1459
1.135960340499878,1460
1.1378767490386963,1461
1.1397932767868042,1462
1.1417096853256226,1463
1.143626093864441,1464
1.1455425024032593,1465
1.1474589109420776,1466
1.149375319480896,1467
1.1512917280197144,1468
1.1532082557678225,1469
1.1551246643066406,1470
1.157041072845459,1471
1.1589574813842771,1472
1.1608738899230957,1473
1.162790298461914,1474
1.164706826210022,1475
1.1666232347488403,1476
1.1685396432876587,1477
1.170456051826477,1478
1.1723724603652954,1479
1.1742888689041138,1480
1.176205277442932,1481
1.17812180519104,1482
1.1800382137298584,1483
1.1819546222686768,1484
1.1838710308074951,1485
1.1857874393463137,1486
1.1877038478851318,1487
1.1896202564239502,1488
1.191536784172058,1489
1.1934531927108765,1490
1.1953696012496948,1491
1.1972860097885132,1492
1.1992024183273315,1493
1.20111882686615,1494
1.2030352354049685,1495
1.2049517631530762,1496
1.2068681716918943,1497
1.208784580230713,1498
1.2107009887695312,1499
1.2126173973083496,1500
1.214533805847168,1501
1.2164502143859863,1502
1.2183667421340942,1503
1.2202831506729126,1504
1.222199559211731,1505
1.224115967750549,1506
1.2260323762893677,1507
1.227948784828186,1508
1.2298651933670044,1509
1.2317817211151123,1510
1.2336981296539309,1511
1.235614538192749,1512
1.2375309467315674,1513
1.2394473552703855,1514
1.241363763809204,1515
1.2432801723480225,1516
1.2451967000961304,1517
1.2471131086349487,1518
1.249029517173767,1519
1.2509459257125854,1520
1.2528623342514038,1521
1.2547787427902222,1522
1.2566951513290403,1523
1.2586116790771484,1524
1.2605280876159668,1525
1.2624444961547852,1526
1.2643609046936035,1527
1.266277313232422,1528
1.2681937217712402,1529
1.2701101303100586,1530
1.2720266580581665,1531
1.2739430665969849,1532
1.2758594751358032,1533
1.2777758836746216,1534
1.27969229221344,1535
1.2816087007522583,1536
1.2835252285003662,1537
1.2854416370391846,1538
1.287358045578003,1539
1.2892744541168213,1540
1.2911908626556396,1541
1.293107271194458,1542
1.2950236797332764,1543
1.2969402074813845,1544
1.2988566160202026,1545
1.300773024559021,1546
1.3026894330978394,1547
1.3046058416366575,1548
1.306522250175476,1549
1.3084386587142944,1550
1.3103551864624023,1551
1.3122715950012207,1552
1.314188003540039,1553
1.3161044120788574,1554
1.3180208206176758,1555
1.319937229156494,1556
1.3218536376953125,1557
1.3237701654434204,1558
1.3256865739822388,1559
1.3276029825210571,1560
1.3295193910598757,1561
1.3314357995986938,1562
1.3333522081375122,1563
1.3352686166763306,1564
1.3371851444244385,1565
1.3391015529632568,1566
1.3410179615020752,1567
1.3429343700408936,1568
1.344850778579712,1569
1.3467671871185305,1570
1.3486835956573486,1571
1.3506001234054563,1572
1.352516531944275,1573
1.3544329404830933,1574
1.3563493490219116,1575
1.35826575756073,1576
1.3601821660995483,1577
1.3620985746383667,1578
1.3640151023864746,1579
1.365931510925293,1580
1.367847919464111,1581
1.3697643280029297,1582
1.371680736541748,1583
1.3735971450805664,1584
1.3755135536193848,1585
1.377430081367493,1586
1.379346489906311,1587
1.3812628984451294,1588
1.3831793069839478,1589
1.385095715522766,1590
1.3870121240615845,1591
1.3889286518096924,1592
1.3908450603485107,1593
1.392761468887329,1594
1.3946778774261477,1595
1.3965942859649658,1596
1.3985106945037842,1597
1.4004271030426023,1598
1.4023436307907104,1599
1.4042600393295288,1600
1.4061764478683472,1601
1.4080928564071655,1602
1.410009264945984,1603
1.4119256734848022,1604
1.4138420820236206,1605
1.4157586097717283,1606
1.4176750183105469,1607
1.4195914268493652,1608
1.4215078353881836,1609
1.423424243927002,1610
1.4253406524658203,1611
1.427257061004639,1612
1.4291735887527466,1613
1.431089997291565,1614
1.4330064058303833,1615
1.4349228143692017,1616
1.43683922290802,1617
1.4387556314468384,1618
1.4406720399856567,1619
1.4425885677337646,1620
1.444504976272583,1621
1.4464213848114014,1622
1.4483377933502195,1623
1.450254201889038,1624
1.4521706104278564,1625
1.4540870189666748,1626
1.4560035467147827,1627
1.457919955253601,1628
1.4598363637924194,1629
1.4617527723312378,1630
1.4636691808700562,1631
1.4655855894088743,1632
1.4675019979476929,1633
1.4694185256958008,1634
1.4713349342346191,1635
1.4732513427734375,1636
1.475167751312256,1637
1.4770841598510742,1638
1.4790005683898926,1639
1.480916976928711,1640
1.4828335046768188,1641
1.4847499132156372,1642
1.4866663217544556,1643
1.488582730293274,1644
1.4904991388320925,1645
1.4924155473709106,1646
1.4943320751190186,1647
1.496248483657837,1648
1.4981648921966553,1649
1.5000813007354736,1650
1.501997709274292,1651
1.5039141178131104,1652
1.5058305263519287,1653
1.5077470541000366,1654
1.509663462638855,1655
1.5115798711776731,1656
1.5134962797164917,1657
1.51541268825531,1658
1.5173290967941284,1659
1.5192455053329468,1660
1.521162033081055,1661
1.523078441619873,1662
1.5249948501586914,1663
1.5269112586975098,1664
1.528827667236328,1665
1.5307440757751465,1666
1.5326604843139648,1667
1.5345770120620728,1668
1.5364934206008911,1669
1.5384098291397097,1670
1.5403262376785278,1671
1.5422426462173462,1672
1.5441590547561646,1673
1.546075463294983,1674
1.5479919910430908,1675
1.5499083995819092,1676
1.5518248081207275,1677
1.553741216659546,1678
1.5556576251983645,1679
1.5575740337371826,1680
1.559490442276001,1681
1.5614069700241089,1682
1.5633233785629272,1683
1.5652397871017456,1684
1.567156195640564,1685
1.5690726041793823,1686
1.570989012718201,1687
1.572905421257019,1688
1.574821949005127,1689
1.576738357543945,1690
1.5786547660827637,1691
1.580571174621582,1692
1.5824875831604004,1693
1.5844039916992188,1694
1.586320400238037,1695
1.588236927986145,1696
1.5901533365249634,1697
1.5920697450637815,1698
1.5939861536026,1699
1.5959025621414185,1700
1.5978189706802368,1701
1.5997353792190552,1702
1.601651906967163,1703
1.6035683155059814,1704
1.6054847240447998,1705
1.6074011325836182,1706
1.6093175411224363,1707
1.6112339496612549,1708
1.6131504774093628,1709
1.6150668859481812,1710
1.6169832944869995,1711
1.618899703025818,1712
1.6208161115646362,1713
1.6227325201034546,1714
1.624648928642273,1715
1.6265654563903809,1716
1.6284818649291992,1717
1.6303982734680176,1718
1.632314682006836,1719
1.6342310905456543,1720
1.6361474990844729,1721
1.638063907623291,1722
1.639980435371399,1723
1.6418968439102173,1724
1.6438132524490356,1725
1.645729660987854,1726
1.6476460695266724,1727
1.6495624780654907,1728
1.651478886604309,1729
1.653395414352417,1730
1.6553118228912354,1731
1.6572282314300537,1732
1.659144639968872,1733
1.6610610485076904,1734
1.6629774570465088,1735
1.6648938655853271,1736
1.666810393333435,1737
1.6687268018722534,1738
1.6706432104110718,1739
1.67255961894989,1740
1.6744760274887085,1741
1.6763924360275269,1742
1.6783088445663452,1743
1.6802253723144531,1744
1.6821417808532717,1745
1.6840581893920898,1746
1.6859745979309082,1747
1.6878910064697266,1748
1.689807415008545,1749
1.6917238235473633,1750
1.6936403512954712,1751
1.6955567598342896,1752
1.697473168373108,1753
1.6993895769119265,1754
1.7013059854507446,1755
1.703222393989563,1756
1.7051388025283811,1757
1.7070553302764893,1758
1.7089717388153076,1759
1.710888147354126,1760
1.7128045558929443,1761
1.7147209644317627,1762
1.716637372970581,1763
1.718553900718689,1764
1.720470309257507,1765
1.7223867177963257,1766
1.724303126335144,1767
1.7262195348739624,1768
1.7281359434127808,1769
1.7300523519515991,1770
1.731968879699707,1771
1.7338852882385254,1772
1.7358016967773438,1773
1.737718105316162,1774
1.7396345138549805,1775
1.7415509223937988,1776
1.7434673309326172,1777
1.745383858680725,1778
1.7473002672195437,1779
1.7492166757583618,1780
1.7511330842971802,1781
1.7530494928359983,1782
1.754965901374817,1783
1.7568823099136353,1784
1.7587988376617432,1785
1.7607152462005615,1786
1.76263165473938,1787
1.7645480632781982,1788
1.7664644718170166,1789
1.768380880355835,1790
1.770297288894653,1791
1.7722138166427612,1792
1.7741302251815796,1793
1.776046633720398,1794
1.7779630422592163,1795
1.779879450798035,1796
1.781795859336853,1797
1.7837122678756714,1798
1.7856287956237793,1799
1.7875452041625977,1800
1.789461612701416,1801
1.7913780212402344,1802
1.7932944297790527,1803
1.795210838317871,1804
1.7971272468566897,1805
1.7990437746047974,1806
1.8009601831436155,1807
1.802876591682434,1808
1.8047930002212524,1809
1.8067094087600708,1810
1.8086258172988887,1811
1.8105422258377075,1812
1.8124587535858157,1813
1.8143751621246336,1814
1.816291570663452,1815
1.8182079792022705,1816
1.8201243877410889,1817
1.8220407962799072,1818
1.8239573240280151,1819
1.8258737325668333,1820
1.827790141105652,1821
1.8297065496444704,1822
1.8316229581832888,1823
1.833539366722107,1824
1.8354557752609253,1825
1.8373723030090328,1826
1.839288711547852,1827
1.84120512008667,1828
1.8431215286254885,1829
1.8450379371643064,1830
1.846954345703125,1831
1.8488707542419436,1832
1.8507872819900515,1833
1.8527036905288696,1834
1.854620099067688,1835
1.8565365076065063,1836
1.8584529161453247,1837
1.860369324684143,1838
1.8622857332229612,1839
1.8642022609710691,1840
1.866118669509888,1841
1.868035078048706,1842
1.8699514865875244,1843
1.8718678951263428,1844
1.873784303665161,1845
1.8757007122039795,1846
1.8776172399520876,1847
1.8795336484909055,1848
1.881450057029724,1849
1.8833664655685425,1850
1.8852828741073608,1851
1.8871992826461792,1852
1.8891156911849976,1853
1.8910322189331052,1854
1.892948627471924,1855
1.8948650360107424,1856
1.8967814445495603,1857
1.898697853088379,1858
1.9006142616271973,1859
1.902530670166016,1860
1.9044471979141235,1861
1.906363606452942,1862
1.9082800149917605,1863
1.9101964235305784,1864
1.912112832069397,1865
1.9140292406082156,1866
1.9159456491470337,1867
1.9178621768951416,1868
1.91977858543396,1869
1.9216949939727783,1870
1.923611402511597,1871
1.925527811050415,1872
1.9274442195892332,1873
1.929360628128052,1874
1.93127715587616,1875
1.933193564414978,1876
1.9351099729537964,1877
1.9370263814926147,1878
1.938942790031433,1879
1.9408591985702517,1880
1.9427757263183596,1881
1.9446921348571775,1882
1.946608543395996,1883
1.9485249519348145,1884
1.9504413604736328,1885
1.9523577690124512,1886
1.9542741775512693,1887
1.9561907052993772,1888
1.958107113838196,1889
1.9600235223770144,1890
1.9619399309158323,1891
1.9638564586639404,1892
1.9657728672027588,1893
1.9676892757415767,1894
1.969605803489685,1895
1.9715222120285036,1896
